{
	"info": {
		"_postman_id": "3597c124-628c-4999-9aa1-5f8a91fb0332",
		"name": "Change Bank",
		"schema": "https://schema.getpostman.com/json/collection/v2.1.0/collection.json",
		"_exporter_id": "17574990"
	},
	"item": [
		{
			"name": "Create Change Bank Request",
			"request": {
				"method": "POST",
				"header": [],
				"body": {
					"mode": "raw",
					"raw": "{\r\n    \"prevBankDetails\" : \"646c2923f5bbc0056bf09932\",\r\n    \"newBankName\" : \"JazzCash\",\r\n    \"newBankAccountHolder\" : \"Test User\",\r\n    \"newBankAccountNo\" : \"03198923893\"\r\n}",
					"options": {
						"raw": {
							"language": "json"
						}
					}
				},
				"url": {
					"raw": "{{URL}}/change-bank",
					"host": [
						"{{URL}}"
					],
					"path": [
						"change-bank"
					]
				}
			},
			"response": []
		},
		{
			"name": "Get All Change Bank Requests",
			"request": {
				"method": "GET",
				"header": [],
				"url": {
					"raw": "{{URL}}/change-bank",
					"host": [
						"{{URL}}"
					],
					"path": [
						"change-bank"
					]
				}
			},
			"response": []
		}
	]
}