{
	"info": {
		"_postman_id": "fadf6bc0-0fa5-4ea5-a3a9-4ffa99ae0715",
		"name": "Settings",
		"schema": "https://schema.getpostman.com/json/collection/v2.1.0/collection.json",
		"_exporter_id": "17574990"
	},
	"item": [
		{
			"name": "Create Settings",
			"request": {
				"method": "POST",
				"header": [],
				"body": {
					"mode": "raw",
					"raw": "{\r\n    \"minWithdraw\" : 1000 , \r\n    \"withdrawFee\" : 5 ,\r\n    \"bankName\" : \"meezan\" ,\r\n    \"accountNo\" : 9048930459340,\r\n    \"accountHolder\" : \"Abubakkar\",\r\n    \"minDeposit\" : 1000\r\n}",
					"options": {
						"raw": {
							"language": "json"
						}
					}
				},
				"url": {
					"raw": "{{URL}}/setting",
					"host": [
						"{{URL}}"
					],
					"path": [
						"setting"
					]
				}
			},
			"response": []
		},
		{
			"name": "Get Settings",
			"request": {
				"method": "GET",
				"header": [],
				"url": {
					"raw": "{{URL}}/setting",
					"host": [
						"{{URL}}"
					],
					"path": [
						"setting"
					]
				}
			},
			"response": []
		},
		{
			"name": "Update Settings",
			"request": {
				"method": "PUT",
				"header": [],
				"body": {
					"mode": "raw",
					"raw": "{\r\n    \"levelOneProfit\" : 4.1 ,\r\n    \"levelTwoProfit\" : 3.1 ,\r\n    \"levelThreeProfit\" : 2.1 \r\n}",
					"options": {
						"raw": {
							"language": "json"
						}
					}
				},
				"url": {
					"raw": "{{URL}}/setting/6461ba012b6c8cff7b95bc23",
					"host": [
						"{{URL}}"
					],
					"path": [
						"setting",
						"6461ba012b6c8cff7b95bc23"
					]
				}
			},
			"response": []
		},
		{
			"name": "Delete Settings",
			"request": {
				"method": "DELETE",
				"header": [],
				"url": {
					"raw": "{{URL}}/setting/6461ba012b6c8cff7b95bc23",
					"host": [
						"{{URL}}"
					],
					"path": [
						"setting",
						"6461ba012b6c8cff7b95bc23"
					]
				}
			},
			"response": []
		}
	]
}