{
	"info": {
		"_postman_id": "b05f19f6-35e8-4d70-93b6-f8f1d5fe98d2",
		"name": "user",
		"schema": "https://schema.getpostman.com/json/collection/v2.1.0/collection.json",
		"_exporter_id": "17574990"
	},
	"item": [
		{
			"name": "Register",
			"request": {
				"method": "POST",
				"header": [],
				"body": {
					"mode": "raw",
					"raw": "{\r\n    \"firstName\" : \"Test\" ,\r\n    \"lastName\" : \"User\" ,\r\n    \"phone\" : \"03116351525\" ,\r\n    \"password\" : \"user1234\"\r\n}",
					"options": {
						"raw": {
							"language": "json"
						}
					}
				},
				"url": {
					"raw": "{{URL}}/user/register",
					"host": [
						"{{URL}}"
					],
					"path": [
						"user",
						"register"
					]
				}
			},
			"response": []
		},
		{
			"name": "Login",
			"request": {
				"auth": {
					"type": "bearer",
					"bearer": [
						{
							"key": "token",
							"value": "eyJhbGciOiJIUzI1NiIsInR5cCI6IkpXVCJ9.eyJfaWQiOiI2NDYwNGRkMzg1NzJhMjIzY2Y3ZWI1ODQiLCJpYXQiOjE2ODUwMjk2MzUsImV4cCI6MTY4NTYzNDQzNX0.R_Oh_zj61CRKKsA0Vd3DM_PPXs3UBRwf3WNwAJjYVMk",
							"type": "string"
						}
					]
				},
				"method": "POST",
				"header": [
					{
						"key": "Authorization",
						"value": "Bearer {{jwt_token}}",
						"type": "text",
						"disabled": true
					}
				],
				"body": {
					"mode": "raw",
					"raw": "{\r\n    \"phone\" : \"03116351524\" ,\r\n    \"password\" : \"user1234\"\r\n}",
					"options": {
						"raw": {
							"language": "json"
						}
					}
				},
				"url": {
					"raw": "{{URL}}/user/login",
					"host": [
						"{{URL}}"
					],
					"path": [
						"user",
						"login"
					]
				}
			},
			"response": []
		},
		{
			"name": "Profile",
			"request": {
				"auth": {
					"type": "bearer",
					"bearer": [
						{
							"key": "token",
							"value": "eyJhbGciOiJIUzI1NiIsInR5cCI6IkpXVCJ9.eyJfaWQiOiI2NDZmYTc1ZmM3ZGZiZGFhZDIxYWU5ZmEiLCJpYXQiOjE2ODUwNDAyMTQsImV4cCI6MTY4NTY0NTAxNH0.Kx3_5TQItixGEGr6skK_edxOIdz-x4x988kSCt17HMg",
							"type": "string"
						}
					]
				},
				"method": "GET",
				"header": [],
				"url": {
					"raw": "{{URL}}/user/profile",
					"host": [
						"{{URL}}"
					],
					"path": [
						"user",
						"profile"
					]
				}
			},
			"response": []
		},
		{
			"name": "Update Profile",
			"request": {
				"method": "PUT",
				"header": [],
				"body": {
					"mode": "raw",
					"raw": "{\r\n    \"firstName\" : \"Umair\"\r\n}",
					"options": {
						"raw": {
							"language": "json"
						}
					}
				},
				"url": {
					"raw": "{{URL}}/user/profile",
					"host": [
						"{{URL}}"
					],
					"path": [
						"user",
						"profile"
					]
				}
			},
			"response": []
		},
		{
			"name": "Update Password",
			"request": {
				"method": "PUT",
				"header": [],
				"body": {
					"mode": "raw",
					"raw": "{\r\n    \"oldPassword\" : \"user12345\" ,\r\n    \"newPassword\" : \"user1234\",\r\n    \"passwordConfirm\" : \"user1234\"\r\n}",
					"options": {
						"raw": {
							"language": "json"
						}
					}
				},
				"url": {
					"raw": "{{URL}}/user/update-password",
					"host": [
						"{{URL}}"
					],
					"path": [
						"user",
						"update-password"
					]
				}
			},
			"response": []
		},
		{
			"name": "Logout",
			"request": {
				"method": "GET",
				"header": [],
				"url": {
					"raw": "{{URL}}/user/logout",
					"host": [
						"{{URL}}"
					],
					"path": [
						"user",
						"logout"
					]
				}
			},
			"response": []
		}
	]
}