{
	"info": {
		"_postman_id": "e6a0551a-bc54-4346-9839-e18ba36d32f5",
		"name": "chats",
		"schema": "https://schema.getpostman.com/json/collection/v2.1.0/collection.json",
		"_exporter_id": "17574990"
	},
	"item": [
		{
			"name": "Create Chat",
			"request": {
				"method": "POST",
				"header": [],
				"body": {
					"mode": "raw",
					"raw": "{\r\n    \"userId\" : \"646ac799f23dae4dbb86db1f\"\r\n}",
					"options": {
						"raw": {
							"language": "json"
						}
					}
				},
				"url": {
					"raw": "{{URL}}/chat",
					"host": [
						"{{URL}}"
					],
					"path": [
						"chat"
					]
				}
			},
			"response": []
		},
		{
			"name": "Get My Chat",
			"request": {
				"auth": {
					"type": "bearer",
					"bearer": [
						{
							"key": "token",
							"value": "eyJhbGciOiJIUzI1NiIsInR5cCI6IkpXVCJ9.eyJfaWQiOiI2NDZhYzc5OWYyM2RhZTRkYmI4NmRiMWYiLCJpYXQiOjE2ODU3MTQzNjcsImV4cCI6MTY4NjMxOTE2N30.oFtYWkfhit7Ai9ohQi7TREJKrgAU3l6dln_QJfWTl7I",
							"type": "string"
						}
					]
				},
				"method": "GET",
				"header": [],
				"url": {
					"raw": "{{URL}}/chat/my",
					"host": [
						"{{URL}}"
					],
					"path": [
						"chat",
						"my"
					]
				}
			},
			"response": []
		},
		{
			"name": "Get Admin Chats",
			"request": {
				"method": "GET",
				"header": [],
				"url": {
					"raw": "{{URL}}/chat/admin",
					"host": [
						"{{URL}}"
					],
					"path": [
						"chat",
						"admin"
					]
				}
			},
			"response": []
		}
	]
}