{
	"info": {
		"_postman_id": "17d3ece5-bd4e-42eb-a3f1-d0f56089b740",
		"name": "Investment",
		"schema": "https://schema.getpostman.com/json/collection/v2.1.0/collection.json",
		"_exporter_id": "17574990"
	},
	"item": [
		{
			"name": "Create Investment",
			"request": {
				"auth": {
					"type": "bearer",
					"bearer": [
						{
							"key": "token",
							"value": "eyJhbGciOiJIUzI1NiIsInR5cCI6IkpXVCJ9.eyJfaWQiOiI2NDZmYTc1ZmM3ZGZiZGFhZDIxYWU5ZmEiLCJpYXQiOjE2ODUwNDAyMTQsImV4cCI6MTY4NTY0NTAxNH0.Kx3_5TQItixGEGr6skK_edxOIdz-x4x988kSCt17HMg",
							"type": "string"
						}
					]
				},
				"method": "POST",
				"header": [],
				"body": {
					"mode": "raw",
					"raw": "{\r\n    \"offer\" : \"646fa71dc7dfbdaad21ae9df\" ,\r\n    \"amount\" : 5000\r\n}",
					"options": {
						"raw": {
							"language": "json"
						}
					}
				},
				"url": {
					"raw": "{{URL}}/invest",
					"host": [
						"{{URL}}"
					],
					"path": [
						"invest"
					]
				}
			},
			"response": []
		},
		{
			"name": "Get My investments",
			"request": {
				"method": "GET",
				"header": [],
				"url": {
					"raw": "{{URL}}/invest/my?status=running",
					"host": [
						"{{URL}}"
					],
					"path": [
						"invest",
						"my"
					],
					"query": [
						{
							"key": "status",
							"value": "running"
						}
					]
				}
			},
			"response": []
		},
		{
			"name": "Get All Investments",
			"request": {
				"method": "GET",
				"header": [],
				"url": {
					"raw": "{{URL}}/invest",
					"host": [
						"{{URL}}"
					],
					"path": [
						"invest"
					]
				}
			},
			"response": []
		},
		{
			"name": "Get Specific User investments",
			"request": {
				"method": "GET",
				"header": [],
				"url": {
					"raw": "{{URL}}/invest/user/645d2f3acb9ef4e8850f1587",
					"host": [
						"{{URL}}"
					],
					"path": [
						"invest",
						"user",
						"645d2f3acb9ef4e8850f1587"
					]
				}
			},
			"response": []
		}
	]
}